{"assets":{"4626826":{"fallback_color":{"color":"FF0D0D0D"},"resolutions":{"hdpi":{"path":"material_resources/hdpi/icon_next.png","sha1":"02f52fbdfa9be18fc1bb254098165fd117089d91"},"ldpi":{"path":"material_resources/ldpi/icon_next.png","sha1":"7f4548a39b8aab99307e1f13f76c7efaa503bd7f"},"mdpi":{"path":"material_resources/mdpi/icon_next.png","sha1":"b9212f3cd3634e476fa6d8a3fa8f79aadf882a56"},"xhdpi":{"path":"material_resources/xhdpi/icon_next.png","sha1":"1a591569acb76bf69aeca447c3a88abc195355b4"}}},"02b224c":{"fallback_color":{"color":"FF0B0B0B"},"resolutions":{"hdpi":{"path":"material_resources/hdpi/icon_space_openbox.png","sha1":"5e24fb2383aa3e95474db58365bab34c65e33825"},"ldpi":{"path":"material_resources/ldpi/icon_space_openbox.png","sha1":"f2ad8a1357f3df21d7fbf48642ed6e173bf10dca"},"mdpi":{"path":"material_resources/mdpi/icon_space_openbox.png","sha1":"a4e16d3d575f7943071db74738db93a7af5c729e"},"xhdpi":{"path":"material_resources/xhdpi/icon_space_openbox.png","sha1":"aab52a5bcc7b908209828ffda32b1206db89b0ca"}}},"03c0ea":{"layers":[{"asset":{"corners":{"bottom_left_radius":2,"bottom_right_radius":2,"top_left_radius":2,"top_right_radius":2},"padding":{"bottom":5,"left":5,"right":5,"top":5},"shape":"RECTANGLE","solid":{"color":"CCCCCCCC"}},"bottom":6,"left":6,"right":6,"top":6}]},"08a6c0":{"layers":[{"asset":{"asset":"0a94fc6"},"bottom":2,"left":2,"right":2,"top":2}]},"0a94fc6":{"fallback_color":{"color":"FFE2E2E2"},"resolutions":{"hdpi":{"path":"default/hdpi/tieckbb2i2kub1.9.png","sha1":"ce524f7e2f2216aab0ba4f7d3eb018a399928a8c"},"ldpi":{"path":"default/ldpi/tieckbb2i2kub1.9.png","sha1":"ea51f083832d6631085dadc27b0a5868cda09dc7"},"mdpi":{"path":"default/mdpi/tieckbb2i2kub1.9.png","sha1":"d21b612063ad7eb0030a6717cd7b17e0a44f9504"},"xhdpi":{"path":"default/xhdpi/tieckbb2i2kub1.9.png","sha1":"e2dc8b24e74b8e16ab1ac3705094733a30f75716"}}},"1120e9d":{"fallback_color":{"color":"FFD0D0D0"},"resolutions":{"hdpi":{"path":"default/hdpi/tinsskb2spb1.9.png","sha1":"cf39c570b7550c01c32ff0c90f4e3bfbaf0b50b6"},"ldpi":{"path":"default/ldpi/tinsskb2spb1.9.png","sha1":"216dd2829f8f8f8dcb7a94b7ff0a662adbf56635"},"mdpi":{"path":"default/mdpi/tinsskb2spb1.9.png","sha1":"211722ba63b113ccc5f223d0def0142fa4e91b01"},"xhdpi":{"path":"default/xhdpi/tinsskb2spb1.9.png","sha1":"fc80887bc8a871491ea57cbf34dc8ebfb4a05935"}}},"19eaa29":{"fallback_color":{"color":"FF27B3C9"},"resolutions":{"hdpi":{"path":"default/hdpi/timkkbmk1.9.png","sha1":"b290748504e1efd07937546a07770c48c83cacee"},"ldpi":{"path":"default/ldpi/timkkbmk1.9.png","sha1":"4b50ca17261c84f2059ef58609e3ce6da111d780"},"mdpi":{"path":"default/mdpi/timkkbmk1.9.png","sha1":"5175cfa17e9780c29d5a5f5a95198ba0692a9195"},"xhdpi":{"path":"default/xhdpi/timkkbmk1.9.png","sha1":"ec4503b60f50d68c9199623e077f5eeb032d5a9c"}}},"1bb8d3d":{"fallback_color":{"color":"FF262626"},"resolutions":{"hdpi":{"path":"material_resources/hdpi/icon_smiley.png","sha1":"138d6fcfdf30fe62b6db8749a941978d14dc9b08"},"ldpi":{"path":"material_resources/ldpi/icon_smiley.png","sha1":"06f578b756401243d80f2e61cf02f5c550590076"},"mdpi":{"path":"material_resources/mdpi/icon_smiley.png","sha1":"ae00d03dd96267510ca889de10b542051f74d75b"},"xhdpi":{"path":"material_resources/xhdpi/icon_smiley.png","sha1":"fdd8601fcfeb5df4784e0fb373b3fce4a885df11"}}},"29fca20":{"fallback_color":{"color":"FF161616"},"resolutions":{"hdpi":{"path":"material_resources/hdpi/icon_arrow_left.png","sha1":"aa4e007e7ce898ba5ca69eb64240caa0c6311056"},"ldpi":{"path":"material_resources/ldpi/icon_arrow_left.png","sha1":"d0d32e551ae147aac9d1fb0ae98d77554879f217"},"mdpi":{"path":"material_resources/mdpi/icon_arrow_left.png","sha1":"e5c3f2553dd71735da5585d9b20fac265edd359f"},"xhdpi":{"path":"material_resources/xhdpi/icon_arrow_left.png","sha1":"24eca7f4162fd24bec735445f4cf51393092cd6c"}}},"40d8a5b":{"fallback_color":{"color":"FFE2E2E2"},"resolutions":{"hdpi":{"path":"default/hdpi/tinsskb2sub1.9.png","sha1":"f7b7cbbf46dfdc97c81799aae15f9bf43fefeef4"},"ldpi":{"path":"default/ldpi/tinsskb2sub1.9.png","sha1":"2b059acb61aed95ac261683edfb766c79b8d8523"},"mdpi":{"path":"default/mdpi/tinsskb2sub1.9.png","sha1":"67e2ee80345838a47bd9b2e77e89a17241503883"},"xhdpi":{"path":"default/xhdpi/tinsskb2sub1.9.png","sha1":"c82959a79f4da6e1212eff384af7c198f2bfb39d"}}},"4c30319":{"fallback_color":{"color":"FF1F1F1F"},"resolutions":{"hdpi":{"path":"material_resources/hdpi/icon_send.png","sha1":"6174a0044e3d728273918a73c403df399e893d76"},"ldpi":{"path":"material_resources/ldpi/icon_send.png","sha1":"6463f3f8b21d14f7049a56828a893f913b424bab"},"mdpi":{"path":"material_resources/mdpi/icon_send.png","sha1":"66322fd018a150feedad3c45148d15dda6780409"},"xhdpi":{"path":"material_resources/xhdpi/icon_send.png","sha1":"c9f5f1e1f8266274313bc35309f5c020f6b246e8"}}},"644f62":{"layers":[{"asset":{"corners":{"bottom_left_radius":0,"bottom_right_radius":2,"top_left_radius":0,"top_right_radius":2},"padding":{"bottom":4,"left":4,"right":4,"top":4},"shape":"RECTANGLE","solid":{"color":"FACCCCCC"}},"bottom":0,"left":0,"right":0,"top":3}]},"647fbb":{"layers":[{"asset":{"asset":"1120e9d"},"bottom":4,"left":2,"right":2,"top":2}]},"65ecb56":{"fallback_color":{"color":"FF0A0A0A"},"resolutions":{"hdpi":{"path":"material_resources/hdpi/icon_shift_shifted.png","sha1":"2cce2552f437ce54ee9d1ef710ed407bfbaffa2e"},"ldpi":{"path":"material_resources/ldpi/icon_shift_shifted.png","sha1":"1d705e5b0c5b8fc7311df28f19c0a430ecb15f0d"},"mdpi":{"path":"material_resources/mdpi/icon_shift_shifted.png","sha1":"2fa78afe0b35d6225d78c7b44ac1392d45cdef8d"},"xhdpi":{"path":"material_resources/xhdpi/icon_shift_shifted.png","sha1":"e4a92225244b4704877ffb1cc82b773ab99c4d38"}}},"68771e5":{"fallback_color":{"color":"FF5D5D5D"},"resolutions":{"hdpi":{"path":"material_resources/hdpi/icon_delete.png","sha1":"6f01f65a0c3e66b8769287c3b7564d8f0f17700e"},"ldpi":{"path":"material_resources/ldpi/icon_delete.png","sha1":"bceab584a7ce56914d9122b30ee93ff69c097c67"},"mdpi":{"path":"material_resources/mdpi/icon_delete.png","sha1":"ff576505efad1b398a54092c6c043e57ef008035"},"xhdpi":{"path":"material_resources/xhdpi/icon_delete.png","sha1":"bbc781b316ea7ab49d62ef14d0850fee62ba8c86"}}},"6a79959":{"fallback_color":{"color":"FF060606"},"resolutions":{"hdpi":{"path":"material_resources/hdpi/icon_shift_unshifted.png","sha1":"3289f62fe0e335c916812d3d22985011185bf11a"},"ldpi":{"path":"material_resources/ldpi/icon_shift_unshifted.png","sha1":"0d01127b65dde4b999183b57f4909619382ad4ba"},"mdpi":{"path":"material_resources/mdpi/icon_shift_unshifted.png","sha1":"3b1ad0cf107b3563ed600330692a9b0e3f1ca450"},"xhdpi":{"path":"material_resources/xhdpi/icon_shift_unshifted.png","sha1":"296d16477a7e46701ab526e22ca5da3c1ca91b61"}}},"6d951f8":{"fallback_color":{"color":"FF0E0E0E"},"resolutions":{"hdpi":{"path":"material_resources/hdpi/icon_enter.png","sha1":"9d6104039c2788431a0bd60c33d4bad4d7b987ef"},"ldpi":{"path":"material_resources/ldpi/icon_enter.png","sha1":"2c11c898b05819d6cdbf7214d522f7955069fb18"},"mdpi":{"path":"material_resources/mdpi/icon_enter.png","sha1":"acca8e8ae48b82dce6406ca5500d603d412e3717"},"xhdpi":{"path":"material_resources/xhdpi/icon_enter.png","sha1":"d196712f1c7a395f7c371563e6bb55c7f4be0d2c"}}},"72d1a59":{"fallback_color":{"color":"FFB7B7B7"},"resolutions":{"hdpi":{"path":"default/hdpi/timkb1.9.png","sha1":"6ce00660aacd12a0591a43949b9e34cb5d3131d2"},"ldpi":{"path":"default/ldpi/timkb1.9.png","sha1":"294d693dde3d77932d3c414cdd1cd9373d28f0e2"},"mdpi":{"path":"default/mdpi/timkb1.9.png","sha1":"5aeaf24c07a4abc2d9fe91c9253bbed43c60ba1d"},"xhdpi":{"path":"default/xhdpi/timkb1.9.png","sha1":"e5f0e3da71c39dac00b00b08f70cfe42a94029ce"}}},"742f64b":{"fallback_color":{"color":"FF2F2F2F"},"resolutions":{"hdpi":{"path":"material_resources/hdpi/icon_microphone.png","sha1":"d6f9e59f7d40e42dcb527a12dd914860768d8c92"},"ldpi":{"path":"material_resources/ldpi/icon_microphone.png","sha1":"2f94c9e96ba697a2ce3c8a8bff0361c148f72111"},"mdpi":{"path":"material_resources/mdpi/icon_microphone.png","sha1":"e3fc0a3eff999825cc361df403a5e426ad589122"},"xhdpi":{"path":"material_resources/xhdpi/icon_microphone.png","sha1":"3a8fb7e71f49ffef88e3ce0b55c8a0ae64b860b7"}}},"7979a31":{"fallback_color":{"color":"FF494949"},"resolutions":{"hdpi":{"path":"material_resources/hdpi/icon_shift_capslock.png","sha1":"a60a0f4edec9cbe4b8da5c38a47b10fcf0c822f5"},"ldpi":{"path":"material_resources/ldpi/icon_shift_capslock.png","sha1":"a4ac1900a47d753a99e65bb02ac4c83c6baae145"},"mdpi":{"path":"material_resources/mdpi/icon_shift_capslock.png","sha1":"2289be45dbe41f4097c430a09f9ab89d777116d0"},"xhdpi":{"path":"material_resources/xhdpi/icon_shift_capslock.png","sha1":"7fcabaeb20bbed3c176ea63e12ab0f54152f29a5"}}},"87987f1":{"fallback_color":{"color":"FF0C0C0C"},"resolutions":{"hdpi":{"path":"material_resources/hdpi/icon_search.png","sha1":"7fb787661447d2807d8221de1105ddcb7e1dd3dd"},"ldpi":{"path":"material_resources/ldpi/icon_search.png","sha1":"cd41660e46610b7a338f319dabf66df67f223ba4"},"mdpi":{"path":"material_resources/mdpi/icon_search.png","sha1":"8a0e267761b0ae6b865c57c954ee5789b0821e06"},"xhdpi":{"path":"material_resources/xhdpi/icon_search.png","sha1":"386f3ba9a2c2469e6e299addb436207926f20286"}}},"8afb42":{"layers":[{"asset":{"asset":"de9d98a"},"bottom":2,"left":2,"right":2,"top":2}]},"9485e48":{"fallback_color":{"color":"FF161616"},"resolutions":{"hdpi":{"path":"material_resources/hdpi/icon_arrow_down.png","sha1":"5d2c5add06ae9bd25df6197e03eb7e0dfc21ae70"},"ldpi":{"path":"material_resources/ldpi/icon_arrow_down.png","sha1":"8844d007b9cd711c153d1344b14b67e81788ff38"},"mdpi":{"path":"material_resources/mdpi/icon_arrow_down.png","sha1":"b01ad54903271683f7831053fa9b720b9b1f4e10"},"xhdpi":{"path":"material_resources/xhdpi/icon_arrow_down.png","sha1":"9c24302ce8053a6cd5e864adca20e6c5c469cb47"}}},"9f3162d":{"fallback_color":{"color":"FF161616"},"resolutions":{"hdpi":{"path":"material_resources/hdpi/icon_arrow_right.png","sha1":"5310d5cc8b4d26615fa2bd7cbd4070808ccb4805"},"ldpi":{"path":"material_resources/ldpi/icon_arrow_right.png","sha1":"fd3679e591a97e55304aa384d2ed48ab2973d67f"},"mdpi":{"path":"material_resources/mdpi/icon_arrow_right.png","sha1":"0c81012f1fbcae78af0c21bf2678c82ddb7cded3"},"xhdpi":{"path":"material_resources/xhdpi/icon_arrow_right.png","sha1":"d688b7e679f505800c62a4b799428cec59e5c724"}}},"ad502e9":{"fallback_color":{"color":"FFAEAEAE"},"resolutions":{"hdpi":{"path":"default/hdpi/tispb1.9.png","sha1":"2b49c3725801bdf015f63c4539b89179331d1652"},"ldpi":{"path":"default/ldpi/tispb1.9.png","sha1":"a97f068043dbb23fd6f9d69b8f1b1fece126dda7"},"mdpi":{"path":"default/mdpi/tispb1.9.png","sha1":"c43760e7a71fa0ddf20caa89f14e44ce32b4fbf5"},"xhdpi":{"path":"default/xhdpi/tispb1.9.png","sha1":"0553442614f847cf0bedee508046567d0e4d1d53"}}},"b407db1":{"fallback_color":{"color":"FF161616"},"resolutions":{"hdpi":{"path":"material_resources/hdpi/icon_arrow_up.png","sha1":"7d7cf2b8c4fc6b57a8585352336445df280b4a61"},"ldpi":{"path":"material_resources/ldpi/icon_arrow_up.png","sha1":"0173900231035456d696af049c47328a14a4b70c"},"mdpi":{"path":"material_resources/mdpi/icon_arrow_up.png","sha1":"1555b22e25e4b24af9fe449672987a2756ea5bec"},"xhdpi":{"path":"material_resources/xhdpi/icon_arrow_up.png","sha1":"78fb254e31279c6b1b02e445c44e90e19330d5fe"}}},"bbdd161":{"fallback_color":{"color":"FF0A0A0A"},"resolutions":{"hdpi":{"path":"material_resources/hdpi/icon_go.png","sha1":"da64029f23813781e4c9ffc1c691ceb0fa9208d5"},"ldpi":{"path":"material_resources/ldpi/icon_go.png","sha1":"4ceb156de2f97fdc08293a55ef214f0fb75ecfb2"},"mdpi":{"path":"material_resources/mdpi/icon_go.png","sha1":"797e4983cc96707c386dc589b009eb5393381022"},"xhdpi":{"path":"material_resources/xhdpi/icon_go.png","sha1":"41df872183aabb2188f5ed8caba2cc6b9277830f"}}},"bbec91a":{"fallback_color":{"color":"FF23A1B4"},"resolutions":{"hdpi":{"path":"default/hdpi/tikpb1.9.png","sha1":"c9aab823208fdfcf43f138a61e181a30bd2a819b"},"ldpi":{"path":"default/ldpi/tikpb1.9.png","sha1":"8021ff4dc73a956814c0b3b1f1836c2155cb7065"},"mdpi":{"path":"default/mdpi/tikpb1.9.png","sha1":"2f15c6c5eaa2ce6b1ca72484846c59e4acd51240"},"xhdpi":{"path":"default/xhdpi/tikpb1.9.png","sha1":"a835cc8c6ae986b3d18a2a0f85aa64f6dbe389fd"}}},"cdc2880":{"fallback_color":{"color":"FF222222"},"resolutions":{"hdpi":{"path":"material_resources/hdpi/icon_logo.png","sha1":"882298ce8ffe74f41342c1b21417381f48e88fc9"},"ldpi":{"path":"material_resources/ldpi/icon_logo.png","sha1":"4a09ef0eab50a4b93f31920bc587ebc01a49eccd"},"mdpi":{"path":"material_resources/mdpi/icon_logo.png","sha1":"1d7d6d7718cef42ee241dc302e438e8a7748ff19"},"xhdpi":{"path":"material_resources/xhdpi/icon_logo.png","sha1":"fc65bb970709547183527517af2658065e6e7763"}}},"d44e45":{"layers":[{"asset":{"asset":"40d8a5b"},"bottom":4,"left":2,"right":2,"top":2}]},"dc702a":{"layers":[{"asset":{"asset":"de9d98a"},"bottom":2,"left":2,"right":2,"top":2}]},"de9d98a":{"fallback_color":{"color":"FFD0D0D0"},"resolutions":{"hdpi":{"path":"default/hdpi/tieckbb2i2kpb1.9.png","sha1":"1c0708cdacfff38aa2f069b6a35e3f27fb63c121"},"ldpi":{"path":"default/ldpi/tieckbb2i2kpb1.9.png","sha1":"0d15a18c18728557ff1d0117569c00f772ef366d"},"mdpi":{"path":"default/mdpi/tieckbb2i2kpb1.9.png","sha1":"a1fde24d03fe44690da745c78280e81d903aa832"},"xhdpi":{"path":"default/xhdpi/tieckbb2i2kpb1.9.png","sha1":"6212be122553001e805efc8f034db13d3b1d6925"}}},"e1507f":{"layers":[{"asset":{"corners":{"bottom_left_radius":2,"bottom_right_radius":2,"top_left_radius":2,"top_right_radius":2},"padding":{"bottom":5,"left":5,"right":5,"top":5},"shape":"RECTANGLE","solid":{"color":"CC28B8CE"}},"bottom":6,"left":6,"right":6,"top":6}]},"e52bad":{"layers":[{"asset":{"asset":"de9d98a"},"bottom":2,"left":2,"right":2,"top":2}]},"f36ffa3":{"fallback_color":{"color":"FF1A1A1A"},"resolutions":{"hdpi":{"path":"material_resources/hdpi/icon_tab.png","sha1":"d7762a06a4343321e32b5e1a0b09b09ae5c8d470"},"ldpi":{"path":"material_resources/ldpi/icon_tab.png","sha1":"b330d1295bc49a37535e25bc58ecdf60b3c6cdd4"},"mdpi":{"path":"material_resources/mdpi/icon_tab.png","sha1":"4f20cb214d5ae1f03157b79d3cc66fa8a18d8764"},"xhdpi":{"path":"material_resources/xhdpi/icon_tab.png","sha1":"92f0e1bab925ca4cdc469ba7ba25cdc980790e80"}}},"f4c410":{"layers":[{"asset":{"asset":"0a94fc6"},"bottom":2,"left":2,"right":2,"top":2}]}},"emoji_panel":{"emoji_shade":"LIGHT"},"format":5,"icons":{"all_caps":{"asset":"7979a31","text_padding":{"bottom":0,"left":0,"right":0,"top":0}},"arrow_down":{"asset":"9485e48","text_padding":{"bottom":0,"left":0,"right":0,"top":0}},"arrow_left":{"asset":"29fca20","text_padding":{"bottom":0,"left":0,"right":0,"top":0}},"arrow_right":{"asset":"9f3162d","text_padding":{"bottom":0,"left":0,"right":0,"top":0}},"arrow_up":{"asset":"b407db1","text_padding":{"bottom":0,"left":0,"right":0,"top":0}},"backspace":{"asset":"68771e5","text_padding":{"bottom":0,"left":0,"right":0,"top":0}},"capitalise":{"asset":"65ecb56","text_padding":{"bottom":0,"left":0,"right":0,"top":0}},"enter":{"asset":"6d951f8","text_padding":{"bottom":0,"left":0,"right":0,"top":0}},"expanded_toggle":{"asset":"9485e48","text_padding":{"bottom":0,"left":0,"right":0,"top":0}},"go":{"asset":"bbdd161","text_padding":{"bottom":0,"left":0,"right":0,"top":0}},"language_left":{"asset":"29fca20","text_padding":{"bottom":0,"left":0,"right":0,"top":0}},"language_right":{"asset":"9f3162d","text_padding":{"bottom":0,"left":0,"right":0,"top":0}},"lowercase":{"asset":"6a79959","text_padding":{"bottom":0,"left":0,"right":0,"top":0}},"microphone":{"asset":"742f64b","text_padding":{"bottom":0,"left":0,"right":0,"top":0}},"next":{"asset":"4626826","text_padding":{"bottom":0,"left":0,"right":0,"top":0}},"open_box_space":{"asset":"02b224c","text_padding":{"bottom":0,"left":0,"right":0,"top":0}},"search":{"asset":"87987f1","text_padding":{"bottom":0,"left":0,"right":0,"top":0}},"send":{"asset":"4c30319","text_padding":{"bottom":0,"left":0,"right":0,"top":0}},"settings":{"asset":"cdc2880","text_padding":{"bottom":0,"left":0,"right":0,"top":0}},"smiley":{"asset":"1bb8d3d","text_padding":{"bottom":0,"left":0,"right":0,"top":0}},"tab":{"asset":"f36ffa3","text_padding":{"bottom":0,"left":0,"right":0,"top":0}}},"name":"Carbon Light","palette":{"66000000":1711276032,"73595959":1935235417,"80595959":-2141628071,"00000000":0,"CC28B8CE":-869746482,"CCCCCCCC":-858993460,"CCE8E8E8":-857151256,"E5000000":-452984832,"FACCCCCC":-87241524,"FF050505":-16448251,"FF060606":-16382458,"FF0A0A0A":-16119286,"FF0B0B0B":-16053493,"FF0C0C0C":-15987700,"FF0D0D0D":-15921907,"FF0E0E0E":-15856114,"FF161616":-15329770,"FF1A1A1A":-15066598,"FF1F1F1F":-14737633,"FF222222":-14540254,"FF23A1B4":-14442060,"FF262626":-14277082,"FF27B3C9":-14175287,"FF28B8CE":-14108466,"FF2F2F2F":-13684945,"FF333333":-13421773,"FF494949":-11974327,"FF595959":-10921639,"FF5D5D5D":-10658467,"FF898989":-7763575,"FF999999":-6710887,"FFAEAEAE":-5329234,"FFB7B7B7":-4737097,"FFBCBCBC":-4408132,"FFD0D0D0":-3092272,"FFD6D6D6":-2697514,"FFE2E2E2":-1907998,"FFE5E5E5":-1710619,"FFE8E8E8":-1513240,"FFFFFFFF":-1,"accent_color":-14108466,"background_color":-1710619,"main_text":-13421773},"primary_layout":{"background":{"color":"FFE5E5E5"},"candidates":{"alternative":{"background":{"pressed":{"color":"FFBCBCBC"},"unpressed":{"color":"00000000"}},"padding":{"pressed":{"bottom":6,"left":4,"right":4,"top":7},"unpressed":{"bottom":6,"left":4,"right":4,"top":7}},"text_style":{"pressed":"FF595959","unpressed":"FF595959"}},"background":{"color":"FFD6D6D6"},"expanded":{"background":{"pressed":{"asset":"e52bad"},"unpressed":{"asset":"08a6c0"}},"padding":{"pressed":{"bottom":6,"left":5.5,"right":5,"top":5.5},"unpressed":{"bottom":6,"left":5.5,"right":5,"top":5.5}},"text_style":{"pressed":"FF595959","unpressed":"FF595959"}},"expanded_background":{"color":"FFE5E5E5"},"expanded_toggle":{"background":{"pressed":{"asset":"03c0ea"},"unpressed":{"asset":"e1507f"}},"icon_color":{"pressed":{"color":"CCE8E8E8"},"unpressed":{"color":"CCE8E8E8"}},"padding":{"pressed":{"bottom":5,"left":5,"right":5,"top":5},"unpressed":{"bottom":5,"left":5,"right":5,"top":5}}},"top":{"background":{"pressed":{"color":"FFBCBCBC"},"unpressed":{"color":"00000000"}},"padding":{"pressed":{"bottom":6,"left":4,"right":4,"top":7},"unpressed":{"bottom":6,"left":4,"right":4,"top":7}},"text_style":{"pressed":"bold-FF28B8CE","unpressed":"bold-FF28B8CE"}}},"composing_buffer":{"background":{"asset":"644f62"},"padding":{"bottom":4,"left":4,"right":4,"top":4},"text_style":"FF333333"},"floating_and_compact":{"arrow_icon_color":{"color":"accent_color"},"paddle_background_color":{"color":"background_color"},"paddle_icon_color":{"color":"accent_color"}},"flow":{"colors":[{"color":"FF595959"}],"trail_type":"LIGHT_DEFAULT"},"keyboard_keys":{"123":{"background":{"pressed":{"asset":"dc702a"},"unpressed":{"color":"00000000"}},"padding":{"pressed":{"bottom":7.5,"left":5.5,"right":5.5,"top":6.5},"unpressed":{"bottom":7.5,"left":5.5,"right":5.5,"top":6.5}},"text_style":{"pressed":"FF595959","unpressed":"FF28B8CE"}},"arrow":{"background":{"pressed":{"asset":"dc702a"},"unpressed":{"color":"00000000"}},"icon_color":{"pressed":{"color":"FF28B8CE"},"unpressed":{"color":"FF28B8CE"}},"padding":{"pressed":{"bottom":7.5,"left":5.5,"right":5.5,"top":6.5},"unpressed":{"bottom":7.5,"left":5.5,"right":5.5,"top":6.5}}},"backspace":{"background":{"pressed":{"asset":"dc702a"},"unpressed":{"color":"00000000"}},"icon_color":{"pressed":{"color":"FF28B8CE"},"unpressed":{"color":"FF28B8CE"}},"padding":{"pressed":{"bottom":7.5,"left":5.5,"right":5.5,"top":6.5},"unpressed":{"bottom":7.5,"left":5.5,"right":5.5,"top":6.5}}},"base":{"background":{"pressed":{"asset":"8afb42"},"unpressed":{"asset":"f4c410"}},"padding":{"pressed":{"bottom":6.5,"left":5.5,"right":5,"top":7},"unpressed":{"bottom":6.5,"left":5.5,"right":5,"top":7}},"seamless":false,"text_style":{"pressed":"FF333333","unpressed":"FF333333"},"top_text_style":{"pressed":"FF999999","unpressed":"FF999999"}},"function":{"background":{"pressed":{"asset":"dc702a"},"unpressed":{"color":"00000000"}},"padding":{"pressed":{"bottom":7.5,"left":5.5,"right":5.5,"top":6.5},"unpressed":{"bottom":7.5,"left":5.5,"right":5.5,"top":6.5}},"text_style":{"pressed":"FF595959","unpressed":"FF28B8CE"},"top_text_style":{"pressed":"FF999999","unpressed":"FF999999"}},"go":{"background":{"pressed":{"asset":"dc702a"},"unpressed":{"color":"00000000"}},"icon_color":{"pressed":{"color":"FF28B8CE"},"unpressed":{"color":"FF28B8CE"}},"padding":{"pressed":{"bottom":7.5,"left":5.5,"right":5.5,"top":6.5},"unpressed":{"bottom":7.5,"left":5.5,"right":5.5,"top":6.5}},"top_icon_color":{"pressed":{"color":"FF999999"},"unpressed":{"color":"FF999999"}}},"lssb":{"arrow_color":{"pressed":{"color":"73595959"},"unpressed":{"color":"73595959"}},"background":{"pressed":{"asset":"8afb42"},"unpressed":{"asset":"f4c410"}},"open_box_color":{"pressed":{"color":"FF28B8CE"},"unpressed":{"color":"FF28B8CE"}},"padding":{"pressed":{"bottom":6.5,"left":5.5,"right":5,"top":7},"unpressed":{"bottom":6.5,"left":5.5,"right":5,"top":7}},"text_style":{"pressed":"80595959","unpressed":"80595959"}},"numbers":{"background":{"pressed":{"color":"FFD6D6D6"},"unpressed":{"color":"FFE5E5E5"}},"padding":{"pressed":{"bottom":6.5,"left":7,"right":8.5,"top":9.5},"unpressed":{"bottom":6.5,"left":7,"right":8.5,"top":9.5}},"text_style":{"pressed":"FF333333","unpressed":"FF333333"}},"shift":{"background":{"pressed":{"asset":"dc702a"},"unpressed":{"color":"00000000"}},"icon_color":{"pressed":{"color":"FF28B8CE"},"unpressed":{"color":"FF28B8CE"}},"padding":{"pressed":{"bottom":7.5,"left":5.5,"right":5.5,"top":6.5},"unpressed":{"bottom":7.5,"left":5.5,"right":5.5,"top":6.5}}},"spacebar":{"background":{"pressed":{"asset":"647fbb"},"unpressed":{"asset":"d44e45"}},"branding":{"pressed":{"color":"E5000000"},"unpressed":{"color":"66000000"}},"padding":{"pressed":{"bottom":7,"left":10,"right":11,"top":7.5},"unpressed":{"bottom":7,"left":10,"right":11,"top":7.5}},"should_brand":true}},"popups":{"base":{"background":{"asset":"bbec91a","text_padding":{"bottom":7.5,"left":8,"right":8.5,"top":7.5}},"padding":{"bottom":7.5,"left":8,"right":8.5,"top":7.5},"text_style":"FFE8E8E8"},"lssb":{"background":{"asset":"ad502e9","text_padding":{"bottom":12.5,"left":10,"right":10,"top":12.5}},"icon_color":{"color":"73595959"},"padding":{"bottom":12.5,"left":10,"right":10,"top":12.5},"text_style":"FF595959"},"slider":{"background":{"asset":"72d1a59","text_padding":{"bottom":6,"left":6,"right":5.5,"top":4}},"key_background":{"pressed":{"asset":"19eaa29","text_padding":{"bottom":0,"left":4.5,"right":5,"top":4.5}},"unpressed":{"color":"00000000"}},"key_padding":{"pressed":{"bottom":0,"left":4.5,"right":5,"top":4.5},"unpressed":{"bottom":0,"left":4.5,"right":5,"top":4.5}},"padding":{"bottom":6,"left":6,"right":5.5,"top":4},"text_style":{"pressed":"FF595959","unpressed":"FF595959"}}}},"schema_version":"0.0.6","shade":"LIGHT","text_styles":{"80595959":{"bold":false,"color":{"color":"80595959"},"italic":false,"light":false},"00000000":{"bold":false,"color":{"color":"00000000"},"italic":false,"light":false},"FF28B8CE":{"bold":false,"color":{"color":"FF28B8CE"},"italic":false,"light":false},"FF333333":{"bold":false,"color":{"color":"FF333333"},"italic":false,"light":false},"FF595959":{"bold":false,"color":{"color":"FF595959"},"italic":false,"light":false},"FF999999":{"bold":false,"color":{"color":"FF999999"},"italic":false,"light":false},"FFE8E8E8":{"bold":false,"color":{"color":"FFE8E8E8"},"italic":false,"light":false},"FFFFFFFF":{"bold":false,"color":{"color":"FFFFFFFF"},"italic":false,"light":false},"bold-FF28B8CE":{"bold":true,"color":{"color":"FF28B8CE"},"italic":false,"light":false}},"version":40}